{
 "attach_print": 0,
 "channel": "Email",
 "condition": "doc.status == \"Scheduled\" and frappe.utils.add_days(doc.date_of_departure, -1) == frappe.utils.nowdate()",
 "creation": "2024-09-30 23:50:17.916622",
 "date_changed": "date_of_departure",
 "days_in_advance": 1,
 "docstatus": 0,
 "doctype": "Notification",
 "document_type": "Airplane Flight",
 "enabled": 1,
 "event": "Days Before",
 "idx": 0,
 "is_standard": 1,
 "message": "Add your message here",
 "message_type": "Markdown",
 "modified": "2024-09-30 23:50:17.916622",
 "modified_by": "Administrator",
 "module": "Airplane Mode",
 "name": "Airplane Flight Notification",
 "owner": "Administrator",
 "recipients": [
  {
   "receiver_by_role": "System Manager"
  }
 ],
 "send_system_notification": 0,
 "send_to_all_assignees": 0,
 "subject": "Flight{{ doc.name }} is scheduled to departure!"
}